incidenceRate,medIncome,povertyPercent,PctEmployed16_Over,PctPrivateCoverage,PctPublicCoverageAlone
444.5,51907,10.9,22.1,66.6,21.8
408.0,47631,13.4,61.7,62.9,21.9
482.7,43067,15.4,36.0,70.1,16.6
425.8,39801,19.0,53.3,59.5,20.2
492.1,30460,25.2,50.3,51.8,26.8
453.5494221,65549,10.9,54.7,80.2,10.6
458.9,58558,14.4,60.6,73.6,16.0
469.1,40397,21.7,52.7,58.7,21.7
453.5494221,50175,12.7,63.9,72.5,17.9
453.5494221,47180,14.0,46.0,56.5,16.5
492.5,41045,17.5,51.8,58.2,27.5
415.4,52930,14.1,69.5,81.2,9.7
453.5494221,43038,18.0,62.7,67.3,16.5
437.0,36436,22.4,46.9,54.3,22.6
427.9,41983,16.1,51.3,69.5,18.8
327.2,56080,10.4,64.6,78.8,10.3
379.3,31420,38.6,43.2,32.0,41.4
472.3,67106,12.3,55.3,69.2,18.1
399.8,44129,17.5,45.9,65.0,19.2
442.4,37693,20.8,50.5,61.0,21.1
493.3,53316,13.9,52.9,64.7,23.1
392.9,36945,29.7,43.2,39.1,30.9
539.0,33646,23.6,48.9,57.2,25.5
460.6,50753,17.0,58.1,69.2,17.1
446.1,31615,25.9,49.0,50.6,27.6
443.1,52606,8.9,64.6,79.3,12.1
372.7,33986,21.7,42.8,58.0,19.2
443.1,52367,9.9,66.5,80.6,12.6
475.5,45207,17.2,53.5,57.3,16.8
475.4,43124,16.7,53.7,63.0,19.8
420.0,46945,12.3,57.9,67.1,18.5
441.8,66560,8.2,56.8,75.5,11.9
424.9,43377,15.9,52.1,56.2,18.9
431.6,44905,12.8,64.1,71.4,16.8
415.7,43731,20.7,58.0,54.4,20.8
388.1,41914,21.8,59.3,60.4,15.6
498.3,39757,21.5,50.7,61.7,22.6
502.1,35927,26.8,48.3,56.5,27.1
416.7,51199,12.1,57.4,64.5,17.0
516.6,34788,19.3,49.4,51.9,22.6
471.5,90640,5.4,69.8,82.6,11.6
363.9,39995,20.1,48.3,54.5,27.8
444.1,44010,16.8,53.3,62.1,20.9
453.5494221,60322,10.3,51.5,70.7,12.9
435.3,64258,7.9,57.4,80.0,10.6
437.7,38887,23.2,47.7,56.0,26.3
406.2,108477,4.2,62.1,89.6,4.2
469.4,48499,14.7,67.5,65.7,16.7
383.8,40788,19.8,44.8,50.2,22.5
348.6,51201,10.0,64.2,79.3,9.9
329.9,38281,16.3,60.3,48.3,19.8
499.4,43097,17.9,45.9,61.4,20.1
453.5494221,45368,14.3,59.0,67.7,16.9
499.0,42588,20.0,51.5,64.0,24.2
453.5494221,65373,10.0,64.8,80.4,10.7
471.0,100194,5.0,65.0,82.2,8.6
488.4,39643,19.4,56.2,66.6,12.9
426.3,39779,16.9,51.6,59.2,24.3
453.5494221,41797,11.5,59.7,79.7,9.7
500.8,61423,7.9,67.2,81.4,12.7
447.0,56270,8.4,64.5,83.6,8.8
350.1,60435,13.2,59.8,60.5,9.0
413.6,57428,17.0,54.3,55.6,23.1
501.8,48824,14.7,51.8,65.2,17.0
432.5,26204,36.2,38.3,33.8,37.1
460.3,28086,26.1,41.6,40.8,33.2
453.7,38387,19.7,48.2,59.7,23.3
449.3,49717,11.0,55.6,75.8,15.5
412.1,47227,16.0,53.5,53.5,19.0
448.1,41017,17.7,44.5,56.3,20.2
471.1,49516,13.0,58.4,68.5,19.6
359.8,62376,11.2,65.1,56.2,10.1
499.3,47160,26.1,53.4,35.8,33.7
515.3,30682,28.1,44.9,42.4,33.5
390.1,80835,7.9,68.4,75.3,8.7
259.0,68352,9.7,74.3,68.3,8.7
454.6,35528,20.1,45.3,58.8,22.8
460.8,47225,20.8,57.4,59.0,24.5
429.1,48887,12.3,61.2,76.9,13.0
344.4,56309,10.7,61.9,78.1,12.0
528.0,85886,7.7,61.0,77.9,12.0
465.5,49837,12.1,63.5,74.4,15.2
417.4,61730,9.7,55.2,76.5,12.3
500.2,46484,15.0,53.3,63.2,21.5
558.3,27777,33.0,31.7,46.5,33.4
484.1,54472,10.9,54.1,74.2,15.0
500.4,39561,21.2,46.2,57.2,20.3
294.6,46364,13.1,56.1,56.3,17.8
436.0,55708,10.2,64.8,78.2,12.2
501.5,40496,13.8,58.3,65.2,17.6
453.5494221,63924,9.5,63.4,81.1,9.5
389.3,59904,10.0,57.5,63.8,16.0
422.5,38595,20.1,48.3,56.9,23.4
347.2,56772,10.3,46.2,66.6,17.4
464.8,44139,18.0,45.5,61.3,18.1
315.2,75920,4.9,69.6,81.8,10.6
420.9,50243,11.9,64.9,71.9,17.2
424.5,31933,25.0,41.7,58.0,24.1
369.7,42291,18.3,54.9,49.1,22.6
307.1,38012,28.1,42.9,41.2,27.5
553.0,40568,20.0,47.1,56.4,26.9
511.3,54585,13.3,58.6,72.6,16.8
416.2,38445,19.9,50.7,61.8,21.9
449.2,42466,19.2,48.3,62.1,24.8
420.3,43171,22.3,45.9,45.8,33.1
357.1,58994,16.6,59.1,55.6,22.1
463.4,35799,20.6,41.2,59.6,26.6
453.5494221,59773,9.7,64.4,69.7,11.8
297.2,39335,21.0,41.3,52.7,16.3
369.7,107143,8.5,74.4,85.7,4.2
519.9,48264,16.8,60.0,69.2,17.9
470.4,41375,19.5,51.3,67.6,17.4
375.5,35081,28.8,44.9,40.4,35.7
485.5,43169,13.5,52.2,71.6,16.6
466.2,52750,11.2,58.3,76.1,14.8
453.5494221,61279,10.2,70.4,80.7,13.1
269.9,32366,33.1,34.5,31.5,38.8
506.5,44435,16.5,52.3,70.2,18.9
331.1,50709,14.0,60.9,45.4,18.6
485.2,52387,13.2,55.5,64.4,19.1
451.2,42659,13.0,56.9,67.5,21.8
453.5494221,43264,10.8,64.5,74.4,13.7
441.4,62532,11.5,56.3,60.7,14.5
457.7,49698,13.0,59.0,62.1,18.3
564.2,34126,22.7,43.8,51.7,29.7
487.2,54154,11.7,60.4,70.9,18.3
409.8,68067,9.5,58.1,78.8,9.6
453.6,44841,17.7,53.3,63.8,20.7
391.4,47987,15.2,48.0,80.7,12.2
423.0,38607,18.1,52.0,58.9,20.2
403.0,39030,21.5,35.3,57.4,18.7
356.1,40351,16.0,61.2,64.9,17.8
425.6,56519,7.8,66.8,85.3,9.1
334.6,54421,10.4,67.5,83.7,8.9
480.5,35851,21.9,47.6,43.7,35.0
423.8,54556,10.1,63.3,74.7,12.7
444.7,55926,13.3,58.0,61.2,16.5
457.0,36739,21.4,42.6,53.4,27.8
479.9,46892,18.0,53.9,71.8,16.0
442.6,28518,32.1,45.3,59.1,24.7
374.8,25807,36.3,43.9,41.8,30.8
475.2,49061,12.9,57.0,67.8,14.9
488.6,30760,38.5,37.1,45.2,25.4
390.5,41837,28.4,53.4,78.3,11.9
516.8,47351,13.6,58.9,65.8,15.5
261.0,35554,22.5,56.4,57.8,15.6
427.3,60205,7.5,72.2,80.2,11.2
453.5494221,36471,17.4,50.7,66.0,20.3
370.0,40667,18.8,59.8,71.5,10.8
453.5494221,42221,18.0,53.8,64.2,19.2
521.9,36836,18.3,59.7,66.0,20.0
433.4,38597,22.3,52.0,54.2,27.5
339.0,34548,24.2,43.9,50.6,28.8
422.0,56160,8.9,63.4,78.6,13.9
440.9,48102,14.4,65.3,74.8,14.6
431.6,41419,22.4,38.3,50.4,31.8
531.3,31086,29.8,44.2,48.5,33.2
382.0,38304,20.0,43.9,55.7,21.1
353.8,46200,20.2,53.8,53.0,20.1
370.5,53721,9.7,61.8,82.0,9.9
461.3,31835,26.5,43.9,50.5,28.6
531.7,34678,24.7,47.0,53.3,27.7
457.1,47841,11.2,60.5,68.9,19.1
409.0,47366,13.7,67.6,68.3,16.5
408.0,43425,19.6,54.1,63.9,21.9
411.4,36865,21.7,47.5,43.9,25.8
469.0,54458,15.6,50.1,70.3,15.8
479.6,32318,29.0,44.7,46.4,26.2
497.4,47477,16.1,53.0,64.7,19.0
462.0,40072,20.2,43.3,63.2,18.8
488.4,51045,12.1,60.0,72.7,17.5
524.1,34633,26.7,51.8,55.7,25.9
420.3,47964,14.0,44.7,62.3,20.7
361.5,52623,12.9,60.2,65.9,15.2
420.8,59316,12.9,65.2,60.7,20.1
460.0,41759,18.1,30.3,62.1,24.8
453.5494221,69430,9.8,69.3,80.4,12.5
410.3,50999,11.7,56.8,76.1,14.0
458.4,58205,12.6,62.5,74.8,12.4
425.1,30668,23.2,44.0,46.1,30.3
475.2,51978,11.8,60.3,71.6,16.5
461.9,51513,12.1,60.7,66.3,22.4
461.8,37782,23.2,51.8,49.5,28.7
475.4,45048,15.7,51.7,66.4,20.7
449.3,47745,14.9,57.9,70.4,18.6
501.5,38057,18.5,48.3,51.0,29.4
526.2,37453,22.6,44.4,54.1,27.9
444.2,43049,12.0,54.2,71.7,17.1
393.5,46083,14.9,54.3,60.2,20.1
396.8,47781,16.2,48.2,68.6,18.6
369.6,32826,23.9,31.2,43.9,25.6
275.7,64182,10.5,46.0,72.1,11.6
495.8,26504,33.2,35.2,44.7,32.2
391.5,42360,28.1,52.5,43.1,35.0
358.9,45174,14.4,52.3,71.2,17.4
453.5494221,52219,9.6,61.1,76.2,13.5
486.8,48018,15.6,53.5,62.3,18.2
472.0,44402,16.5,55.6,60.1,20.7
312.7,57235,10.2,57.1,73.7,16.5
527.4,51961,10.9,59.7,76.1,14.5
411.8,50699,14.4,51.6,64.4,14.5
451.7,35807,25.4,45.5,57.4,22.8
548.4,53905,10.9,63.5,75.0,15.7
434.4,55465,11.4,64.8,73.2,15.9
459.5,53872,12.9,55.8,65.9,14.1
500.1,60387,13.0,59.9,69.1,20.6
414.8,54089,18.9,54.2,75.4,14.8
444.1,34733,25.3,37.3,52.4,26.7
453.5494221,43287,17.8,59.6,66.1,18.4
489.4,37410,23.4,50.2,55.2,24.6
457.9,35185,22.3,49.7,58.2,21.6
489.0,49567,12.2,56.7,68.1,21.7
347.1,76661,7.8,76.5,72.2,8.6
446.8,55637,9.6,63.9,75.2,14.6
519.2,49342,15.9,51.5,64.6,20.3
434.4,39980,22.6,41.0,57.4,20.6
400.2,51222,16.8,59.7,56.2,21.6
352.0,77222,6.8,69.7,76.1,8.6
437.0,61792,10.5,47.4,80.5,9.0
391.5,38473,24.7,39.6,53.4,20.3
416.9,49713,13.0,57.3,62.6,16.4
506.4,43298,15.7,58.7,66.1,16.1
453.5494221,48576,13.7,48.6,61.1,19.1
486.6,57447,12.8,60.9,71.6,14.1
383.0,55493,13.5,58.5,58.4,13.8
364.5,39493,18.0,51.4,57.1,22.3
365.2,33707,22.1,37.9,50.7,24.8
451.4,66950,11.5,66.0,75.9,11.3
453.5494221,52444,11.6,64.5,74.8,14.3
420.5,86703,7.2,64.2,82.3,11.3
441.6,40797,25.9,52.8,73.5,13.6
504.9,44388,13.9,52.4,68.8,17.1
450.4,64257,16.1,59.4,68.3,17.8
452.9,52491,10.7,58.1,75.1,13.4
487.0,54728,15.5,62.5,70.6,16.7
441.8,42967,15.5,53.8,62.5,19.4
473.1,84026,8.9,65.5,80.7,13.9
468.5,50434,11.9,58.9,72.6,13.3
460.7,36734,19.2,42.5,55.5,20.5
484.6,40556,17.3,50.7,60.2,25.5
482.8,45098,15.4,55.5,72.5,17.0
514.4,49040,12.6,54.7,71.8,17.5
459.3,47092,13.2,50.6,61.7,18.5
497.2,41577,16.1,55.8,60.9,20.9
431.5,46715,16.5,54.4,62.7,22.1
476.1,34906,29.9,45.4,50.5,27.0
450.4,51303,15.5,58.9,65.4,20.6
359.3,56800,10.0,65.8,71.0,13.0
477.4,44358,19.1,51.9,62.3,22.7
463.6,36923,22.0,48.9,63.3,16.7
529.5,34604,29.8,44.1,40.5,34.0
431.9,51498,12.7,62.3,75.8,14.7
395.4,41624,15.8,31.6,69.8,17.3
480.0,52967,9.6,63.5,80.0,12.8
468.2,45380,20.5,49.6,64.5,18.5
453.4,42812,15.2,49.6,61.6,20.0
481.5,50038,11.1,57.4,81.2,9.9
469.0,69203,9.5,59.2,79.0,11.0
463.1,37072,18.5,44.3,55.3,23.0
432.9,51423,9.1,66.1,74.2,14.6
454.3,72406,6.2,62.8,83.8,8.7
492.5,30217,34.4,42.2,49.1,30.9
439.3,46610,12.2,57.9,70.1,18.7
423.7,66950,10.2,60.3,73.3,14.6
505.4,52313,15.6,44.1,60.0,20.2
473.4,41940,17.2,51.9,59.8,25.7
511.4,59102,8.0,69.5,78.8,7.7
527.4,28574,30.1,38.0,47.0,34.6
475.3,41554,20.4,49.0,64.9,20.5
477.0,33428,31.8,46.7,33.0,27.9
453.5494221,39926,19.6,56.2,47.9,30.4
433.7,41610,16.8,53.7,58.8,15.7
410.1,51527,10.0,65.3,77.7,11.4
392.5,37691,18.2,47.3,58.8,22.6
403.8,47363,13.8,61.7,75.2,13.0
496.3,103876,4.7,64.0,87.5,7.1
522.5,51738,12.9,55.1,68.7,15.2
332.0,32533,22.8,37.0,50.3,31.3
512.8,49012,14.2,53.3,59.6,17.2
482.3,42046,19.3,55.2,67.9,21.2
471.4,44236,14.5,60.2,65.0,16.5
490.2,42768,18.1,49.2,55.7,24.1
397.6,50728,12.6,58.3,69.1,14.9
453.5494221,48176,12.9,59.2,70.6,20.6
504.8,26351,34.2,36.1,45.2,34.0
506.7,40339,21.3,46.5,58.4,20.6
513.7,46226,16.9,55.3,67.3,18.4
432.8,35731,18.7,53.9,54.8,20.3
427.3,38742,17.9,54.9,54.5,21.2
498.9,51371,14.2,59.7,73.1,18.5
479.8,51880,18.7,54.9,79.9,13.1
362.3,56139,12.3,58.7,71.2,13.2
477.3,40124,20.1,54.0,63.4,20.7
404.2,42902,17.2,51.6,59.2,20.1
486.6,61388,10.1,62.1,75.7,17.3
358.5,42753,21.2,47.2,53.8,26.5
423.9,52892,10.3,71.8,76.5,12.8
406.2,37122,19.0,40.4,61.4,23.4
470.8,48554,17.7,55.1,61.0,22.9
468.9,43111,19.9,48.0,57.5,23.4
453.5494221,47351,13.9,51.6,72.8,15.2
416.8,38140,22.5,49.9,53.6,28.6
395.3,34923,19.7,51.1,57.9,23.8
429.3,68352,7.2,66.2,82.0,8.9
441.3,84213,5.9,60.7,87.7,6.5
447.7,33869,22.8,41.3,51.7,26.1
365.5,45911,20.4,57.3,56.7,21.2
453.6,60809,12.5,60.7,73.5,13.1
460.8,39017,16.5,55.0,68.8,16.8
441.1,58127,15.2,63.9,62.7,16.4
339.0,49709,12.9,54.1,73.3,12.5
466.6,40862,18.6,51.4,52.2,21.5
448.8,50893,10.4,67.1,75.6,12.1
494.6,39546,18.1,45.2,64.8,22.7
425.1,42582,16.0,58.5,71.2,16.8
399.0,34326,34.8,48.7,36.6,36.4
462.5,53755,11.3,72.7,81.5,8.8
456.9,60121,11.5,58.3,67.4,14.3
380.6,32120,28.7,47.1,45.7,28.0
489.8,61898,11.2,51.9,75.1,14.0
387.7,40179,13.8,58.4,65.0,13.0
471.5,78653,7.5,63.1,81.8,11.8
398.7,44188,15.6,55.8,68.3,18.1
501.8,34022,25.5,46.1,51.6,24.1
399.4,44410,17.5,47.5,59.6,19.7
485.0,38887,24.5,51.8,58.5,19.3
493.4,71890,9.9,62.1,73.3,14.1
550.1,41757,19.3,53.6,66.5,22.4
475.8,41121,16.7,46.8,66.9,21.3
449.8,53691,9.4,61.3,71.8,16.4
530.4,32683,30.1,49.2,56.3,24.7
466.2,37501,19.6,48.8,58.3,24.2
265.7,34099,21.8,51.3,57.3,24.4
453.5494221,44774,12.5,59.9,75.9,11.6
406.9,45624,13.8,57.7,64.8,17.2
548.3,30828,27.1,42.4,51.2,31.5
494.2,46001,15.4,54.2,62.3,19.5
413.3,42099,16.4,52.0,52.1,26.9
453.5494221,48434,12.0,58.4,69.7,19.2
385.4,39679,16.1,59.8,77.1,11.6
390.6,38474,17.0,52.8,62.9,19.4
500.8,49781,15.1,48.6,69.7,19.8
321.4,52411,11.2,60.1,69.5,18.8
425.2,73985,9.8,57.5,79.2,13.8
442.3,50600,11.5,62.6,76.3,14.7
459.0,43186,15.6,52.2,68.0,18.8
453.5494221,38848,12.9,61.1,74.6,13.6
368.2,41652,14.4,59.2,67.2,17.1
479.3,37151,20.5,48.3,59.8,24.0
492.8,37537,22.5,47.4,54.9,26.7
490.7,42655,18.3,51.8,67.8,20.2
473.4,44596,18.8,53.1,62.9,19.5
507.6,62429,9.5,62.9,76.3,13.1
465.5,46874,13.4,57.2,70.3,16.2
503.7,26602,35.2,43.5,48.1,32.8
413.9,53953,12.0,62.6,73.6,19.0
410.0,33202,23.7,49.9,56.8,24.7
484.9,39999,16.9,55.2,60.6,25.3
459.4,41321,18.5,41.8,59.8,20.2
476.0,48058,19.4,56.0,60.6,20.9
472.2,42624,14.1,43.8,71.6,16.5
474.4,76856,6.9,65.8,78.8,12.5
430.4,31217,27.7,41.8,50.8,25.8
485.3,48658,12.5,63.5,75.6,12.1
434.5,48996,14.8,52.5,57.5,14.8
424.9,40258,13.0,58.2,83.9,10.0
437.3,54359,9.9,60.1,77.7,13.9
408.6,37715,24.5,55.1,49.6,26.5
411.9,62191,6.9,65.9,77.3,15.0
453.5494221,46840,13.2,48.4,63.0,17.3
433.2,33826,19.9,50.2,53.8,25.5
460.2,38517,18.0,48.0,51.7,23.1
447.8,44325,21.6,54.6,71.3,13.2
453.5494221,51274,11.5,65.6,68.5,21.4
373.7,91886,7.2,68.5,78.0,8.6
533.4,44289,18.6,55.6,59.7,26.1
389.7,46551,12.4,51.4,65.8,19.8
373.7,52273,13.4,61.9,61.0,16.8
420.0,53328,8.7,67.6,78.2,13.8
436.2,61157,11.0,62.7,65.6,14.4
501.5,48350,17.7,54.9,66.4,23.7
537.2,43523,12.4,66.6,52.4,21.8
475.8,51653,12.3,64.8,69.7,14.4
391.7,41831,15.9,58.5,68.3,17.1
453.5494221,54536,10.3,64.6,79.1,12.7
505.9,60371,13.5,60.7,77.7,14.2
460.1,28647,35.0,46.2,42.7,34.6
519.9,51205,13.6,56.9,69.5,19.4
365.5,65489,9.6,61.7,72.0,10.2
476.5,39881,15.4,52.9,68.5,19.7
457.4,35470,24.7,49.8,56.1,26.4
379.6,62529,10.2,66.5,58.2,14.0
376.8,38750,18.5,55.5,56.3,16.7
470.3,65217,11.5,61.8,74.7,19.4
377.1,32456,25.8,42.2,60.2,24.7
500.5,24035,33.7,32.1,41.2,35.0
405.0,45159,13.5,49.5,54.8,23.3
561.9,34494,23.4,51.5,55.4,25.7
259.6,35651,26.7,38.1,47.8,26.2
408.5,49696,10.1,60.6,75.8,16.0
445.1,41948,15.9,51.4,65.4,21.1
492.0,61195,11.0,61.1,70.2,13.0
330.9,49876,17.6,44.3,61.6,22.8
359.0,27627,24.2,31.9,27.8,46.6
443.1,46288,19.8,50.4,56.9,19.4
421.7,37131,19.8,45.0,58.3,18.1
404.9,79857,4.3,75.9,88.0,6.3
455.6,33028,27.3,45.2,44.0,32.7
444.5,33293,26.6,48.6,52.1,27.5
441.0,50020,18.2,58.3,57.8,20.0
453.5494221,49365,15.8,66.0,78.2,11.8
452.6,48831,14.3,58.8,74.7,12.1
451.0,59049,15.2,65.3,67.9,15.4
453.5494221,47599,15.0,59.5,69.8,14.5
453.5494221,48245,10.4,60.8,78.6,14.0
438.4,34631,23.3,50.1,48.3,26.2
495.0,37245,23.5,45.4,62.4,19.9
389.5,61501,10.5,63.1,69.9,16.3
424.4,34411,21.6,47.5,50.3,25.3
278.5,68471,10.8,68.1,79.4,12.0
459.7,55968,10.3,64.6,73.8,16.4
438.5,57192,10.8,61.3,74.6,12.2
477.0,40994,15.3,49.1,60.3,18.2
521.2,40766,20.6,51.7,61.7,20.9
442.8,43933,16.9,47.2,63.7,18.8
389.4,48140,16.2,53.7,61.2,15.8
475.4,42074,25.0,58.8,59.3,20.6
419.3,38645,15.6,60.7,68.7,15.0
447.2,61802,8.2,63.4,83.4,9.0
450.6,35276,25.1,50.6,52.6,26.8
490.9,51138,14.3,59.3,68.5,16.6
366.9,42366,14.1,61.2,68.2,9.7
470.0,50286,11.0,61.9,74.0,16.1
475.5,46501,13.1,62.4,68.3,17.5
453.5494221,53796,10.3,62.8,77.7,13.0
379.5,40593,18.3,54.9,53.9,26.6
434.4,36339,20.7,52.7,56.2,22.7
397.6,42838,24.0,64.5,79.8,9.1
516.2,54593,8.0,64.8,84.0,7.4
320.2,51817,11.7,66.4,82.7,8.0
520.4,64533,11.8,59.1,73.5,14.1
418.2,39900,21.7,51.3,57.0,20.0
474.0,45411,17.4,53.2,64.3,18.8
376.2,36065,27.1,56.7,76.0,13.5
463.7,61908,11.0,67.0,77.7,15.6
491.5,76206,7.5,63.6,83.5,7.9
410.9,34109,27.7,53.3,49.0,25.3
457.2,34620,21.0,41.1,51.8,24.4
414.7,39420,16.1,40.1,70.0,16.4
447.3,42704,15.7,49.8,68.5,14.0
435.5,37869,18.2,48.1,63.2,18.4
511.8,94334,6.3,63.9,81.9,8.8
453.5494221,44896,12.7,59.5,70.8,12.6
453.5494221,91688,5.5,73.2,85.5,8.0
339.2,37677,24.4,41.4,52.0,29.4
382.4,28006,39.3,35.2,39.9,34.7
400.2,64752,7.9,68.0,73.0,11.0
422.8,47419,16.3,54.0,67.4,17.2
469.0,57908,11.6,61.9,76.1,11.1
453.5494221,49508,13.0,68.6,80.0,9.5
515.4,45226,19.4,55.5,58.0,23.0
480.9,50964,14.1,43.6,66.0,20.7
452.5,35313,24.5,45.3,46.0,25.0
457.3,30636,29.4,47.0,46.9,30.3
337.6,40411,12.7,44.8,66.2,20.6
483.1,56388,12.8,59.5,70.3,15.0
381.7,45784,11.4,56.2,67.2,19.4
441.5,49945,12.6,59.8,68.7,15.9
461.3,31382,30.8,46.7,52.0,26.0
275.6,49309,13.4,63.5,61.1,14.2
481.5,42166,14.0,55.8,72.7,14.4
489.0,85336,9.0,62.4,71.9,15.7
465.6,80631,7.9,61.5,80.6,8.7
481.6,43572,15.1,51.9,68.3,19.4
436.3,32889,29.7,53.3,63.4,17.9
508.7,41505,21.3,45.8,60.9,18.9
355.6,72018,9.5,61.8,66.8,14.4
519.0,53918,11.9,52.0,71.8,18.9
325.4,37294,18.7,34.9,46.3,22.9
400.8,40213,24.0,53.6,52.6,22.4
472.2,52850,10.4,60.7,73.5,16.7
487.4,41574,16.6,47.0,66.5,18.9
401.6,63646,7.8,59.9,82.5,11.0
453.5494221,52531,13.6,66.0,71.5,18.0
491.8,61923,9.3,63.2,78.3,12.6
494.9,37477,16.6,43.6,65.4,20.4
415.8,33324,24.5,47.5,42.6,26.9
456.6,43602,18.0,57.1,68.4,19.5
427.7,33939,28.4,47.7,52.9,27.4
434.6,34340,20.1,45.8,53.9,21.9
468.1,35019,22.7,47.6,52.3,28.8
453.5494221,47381,15.7,66.2,61.5,17.2
443.9,35629,21.5,46.0,53.4,26.6
490.1,39860,17.8,41.1,54.1,25.2
445.0,41077,15.5,54.0,65.7,18.2
373.3,43859,11.7,54.7,68.1,14.3
455.9,45706,13.5,51.6,72.3,16.4
280.9,59701,8.4,65.0,73.1,12.6
447.1,46128,13.4,58.2,67.7,18.3
477.3,57776,12.4,61.2,64.7,14.4
430.4,44735,15.4,52.1,73.2,13.9
430.4,43476,15.4,53.2,59.8,20.3
471.7,40429,15.9,52.7,71.8,16.0
451.5,39408,15.6,50.1,65.3,21.4
453.5494221,49852,9.7,63.0,79.1,10.7
454.2,35351,21.4,46.0,52.9,27.3
488.3,35363,20.4,49.8,58.8,22.3
376.6,46371,15.2,53.3,66.6,19.2
485.1,66807,9.3,64.9,72.8,7.9
494.1,35585,20.9,50.8,59.7,20.2
508.7,43936,16.8,54.1,66.0,20.4
507.4,44469,18.3,51.4,59.2,21.7
474.5,50758,16.8,58.8,61.2,19.7
489.4,56008,11.8,62.2,75.0,12.7
485.8,46895,15.8,58.1,68.4,20.9
500.5,40387,18.8,49.6,58.0,22.6
397.4,35895,20.1,48.7,51.8,27.8
459.2,32615,24.1,42.4,49.0,31.2
444.2,49467,13.5,50.1,73.9,13.4
430.1,44780,18.0,55.0,59.6,23.7
453.5494221,44199,17.4,57.3,69.3,15.6
452.0,50266,12.2,65.9,74.6,14.9
484.4,37961,15.7,36.1,60.8,21.0
368.1,32215,34.5,49.5,34.8,28.9
458.4,38130,23.5,51.1,65.1,16.2
303.0,36684,19.4,46.5,48.2,28.1
438.8,38869,21.7,52.2,58.4,23.2
500.9,44828,17.3,58.4,65.3,18.5
440.7,50083,16.3,55.1,65.2,21.4
508.1,44973,18.0,51.2,59.1,23.1
453.5494221,46468,20.2,54.5,85.4,6.5
387.6,52785,16.9,56.9,57.7,20.5
490.0,41547,19.2,48.2,62.3,21.1
476.7,63030,10.0,58.9,77.3,11.4
462.8,44676,15.8,48.8,62.3,18.4
466.8,52903,15.4,55.0,67.7,18.9
443.4,97936,5.6,65.5,86.6,7.4
467.2,56444,14.1,55.3,64.9,17.4
419.5,37686,20.7,55.6,55.3,22.6
434.9,54186,10.4,62.9,78.7,11.8
506.6,42121,13.9,53.0,64.0,21.3
443.4,43755,17.1,49.2,52.7,26.3
352.5,44795,18.6,46.1,60.5,16.3
453.5494221,53378,11.2,56.5,71.5,13.7
487.6,40234,20.0,51.9,65.3,18.3
435.3,41420,17.6,49.5,63.5,21.1
455.2,70358,6.4,65.1,82.3,8.4
501.8,37625,22.1,39.5,60.2,25.4
500.6,51227,14.7,58.9,68.0,19.1
417.8,48681,15.2,52.8,69.1,19.5
398.2,58792,11.2,59.6,67.3,14.2
425.2,29609,28.3,42.9,51.8,26.3
432.1,51527,20.7,52.7,57.2,25.8
453.3,36942,19.0,51.7,55.0,27.0
473.3,42044,19.4,52.0,61.2,20.9
519.6,92097,5.5,60.5,85.1,8.5
453.5494221,49536,12.2,57.4,75.8,16.6
412.1,60738,11.4,61.2,57.7,16.6
433.8,35345,17.0,53.7,65.5,17.7
477.8,50014,11.1,62.3,73.0,16.7
471.1,31081,28.5,44.8,48.4,26.6
448.2,46289,13.2,59.5,69.9,18.8
445.3,32283,30.1,46.9,47.1,31.1
495.5,40979,12.7,56.7,69.1,17.7
360.0,50545,10.8,60.5,69.1,14.3
389.1,32570,40.5,32.7,44.7,37.2
374.8,44990,16.1,54.7,67.9,23.3
436.7,60304,14.1,61.6,79.3,10.1
538.1,34444,27.1,53.7,40.2,24.9
550.7,39453,18.1,39.4,61.9,19.7
550.3,30127,31.1,38.1,46.2,34.6
496.0,35704,21.9,48.2,59.8,23.8
479.9,32268,27.0,40.9,52.0,25.9
504.7,73750,11.8,59.5,73.1,14.5
524.2,40357,18.8,48.6,59.3,21.9
532.5,37952,22.0,48.6,58.6,25.6
469.8,54610,12.9,39.3,69.7,19.4
351.1,42907,14.8,46.9,61.7,19.1
453.5494221,48609,18.8,70.1,64.5,17.7
509.6,37443,20.2,48.0,53.7,25.7
630.4,32783,26.7,44.5,52.9,29.8
449.4,75714,9.2,63.3,78.3,9.4
420.8,43353,14.5,53.6,67.4,17.7
425.7,55008,9.5,57.0,71.6,14.4
466.8,52050,10.6,61.0,70.9,13.9
453.5494221,51175,14.7,61.9,69.2,15.3
383.2,39484,17.9,48.9,58.6,20.8
528.4,39807,19.0,52.0,63.4,21.7
414.6,38989,19.9,46.3,65.2,20.2
424.2,43986,22.3,43.6,59.2,21.3
429.3,73788,9.9,61.3,69.6,12.5
463.1,34267,32.4,44.8,76.1,13.2
453.5494221,42157,17.5,53.0,68.4,19.5
453.5494221,70535,9.8,64.0,76.4,2.6
453.5494221,46495,12.8,57.6,76.1,14.9
404.1,43344,15.0,63.5,57.2,14.4
403.0,53420,10.7,67.7,75.2,7.6
414.3,27481,47.4,46.5,22.3,43.3
467.9,34008,24.5,51.7,46.3,26.5
455.5,34961,19.9,42.2,44.8,30.2
500.9,40195,18.4,56.0,70.9,16.8
447.6,38530,21.1,47.5,51.5,25.2
429.9,53211,8.0,65.7,78.8,12.4
447.2,34522,31.1,46.7,53.1,26.1
383.6,45945,13.6,63.0,70.4,12.0
400.0,41328,17.1,43.9,58.3,22.0
462.0,52436,13.7,56.1,66.7,16.2
383.9,37173,18.5,52.9,54.2,25.0
547.8,24265,47.0,30.4,42.5,39.1
349.5,46503,13.9,54.5,74.6,11.7
318.5,73274,7.0,69.0,75.1,9.6
408.9,57808,9.8,56.2,74.9,13.1
579.7,58467,7.3,65.9,88.8,5.0
400.5,61935,8.2,59.2,79.6,12.8
427.2,54098,13.8,61.1,70.4,15.3
462.1,37794,21.9,17.6,68.2,18.9
453.5494221,70868,7.6,68.4,79.3,12.9
425.8,48194,14.5,54.0,71.5,17.5
453.5494221,55074,12.8,60.8,75.1,14.4
351.8,34902,24.1,48.5,48.8,26.6
429.4,39907,22.1,55.1,58.1,22.7
392.3,40722,19.7,39.5,62.5,26.7
467.1,39303,19.1,50.2,59.8,25.5
441.0,72264,7.8,63.1,77.5,10.0
420.2,41602,15.1,59.0,75.2,11.5
452.4,39268,23.9,54.0,56.4,23.2
404.3,33975,20.5,39.7,57.4,20.6
368.7,36340,21.3,48.9,64.3,20.9
453.5494221,44727,10.7,59.9,69.4,19.4
450.8,42582,17.6,47.8,65.6,19.2
394.3,31820,21.5,45.7,52.3,25.9
502.0,83162,14.7,60.4,66.6,22.4
432.6,38013,18.6,47.8,66.3,20.3
462.8,52749,9.3,67.4,74.5,10.8
432.6,43488,19.7,57.3,62.4,17.9
404.4,43687,18.5,55.6,66.2,20.3
481.0,44065,13.5,54.2,69.8,17.9
490.8,54547,11.2,55.4,77.6,13.7
429.4,39933,23.5,49.0,51.1,21.4
380.7,63490,10.6,70.8,68.6,13.8
442.5,54642,11.0,64.9,65.4,15.3
450.8,59975,10.7,59.0,80.6,11.7
513.2,34295,24.4,42.2,51.7,31.6
431.5,38221,22.7,51.8,48.5,24.4
477.0,52149,9.9,64.6,77.1,14.4
358.2,39992,22.4,38.0,50.6,28.4
372.0,36566,20.9,50.4,48.2,22.3
405.3,46332,16.8,60.5,55.7,18.7
528.6,25473,35.0,29.0,41.5,37.1
422.9,38871,30.6,51.3,29.9,27.3
453.5494221,45856,11.4,63.1,75.8,15.5
463.3,49616,12.9,60.9,63.7,26.7
452.9,42985,22.9,57.2,49.4,23.7
460.5,54868,13.2,54.7,72.5,17.1
570.6,25768,36.2,34.4,39.3,40.2
469.1,44762,13.0,56.5,66.4,17.3
483.4,41015,22.2,49.6,52.4,23.2
483.2,43178,14.3,56.0,70.3,19.3
472.3,67766,9.8,61.9,75.2,15.1
427.0,41611,19.3,50.3,56.3,26.7
448.5,41572,23.0,48.9,67.9,18.5
423.2,52260,11.7,66.2,71.8,14.9
412.8,50361,13.6,63.6,59.5,12.4
457.8,40921,20.2,48.1,54.3,21.8
477.6,60388,13.7,57.7,69.1,15.3
453.5494221,40714,19.0,48.1,58.1,21.6
449.0,51436,14.7,61.0,69.0,16.4
467.5,47382,17.6,56.8,63.4,19.4
473.8,31963,24.7,43.8,53.7,28.3
523.2,32767,26.0,50.4,60.1,23.8
489.2,42302,21.9,48.9,58.5,24.0
488.1,45288,17.0,39.7,69.2,22.0
470.7,45219,14.7,47.8,61.0,21.0
420.0,32744,22.0,40.8,53.1,26.6
433.2,42854,16.6,53.9,70.4,14.9
521.4,46281,14.7,65.3,78.6,12.1
464.7,36488,20.9,52.0,59.4,19.6
572.8,41211,14.8,49.3,65.6,22.5
512.6,35974,20.6,47.8,57.2,22.7
453.5494221,61665,8.9,66.9,78.7,14.3
341.0,34368,33.5,52.2,32.6,28.2
436.4,41409,19.0,56.7,57.4,21.5
456.2,36675,26.1,46.9,57.8,24.7
453.5494221,43100,16.2,64.3,65.3,19.8
376.2,57644,11.6,70.0,67.5,12.7
412.7,29069,23.9,41.6,54.8,25.9
390.5,45463,23.3,59.7,74.0,12.8
518.7,52349,13.2,62.4,72.4,14.9
463.7,43770,14.2,55.7,65.6,19.3
387.9,38737,23.6,43.9,45.1,29.9
493.2,38183,21.5,48.4,55.4,23.8
494.7,51025,11.3,59.2,76.7,15.0
457.3,39743,15.8,50.7,64.4,21.3
451.2,47358,12.3,57.1,70.2,19.0
573.8,36903,18.0,55.8,57.7,19.9
448.5,42700,21.3,60.8,59.1,22.9
490.8,49476,14.3,42.3,64.0,21.3
413.7,35787,19.5,37.6,53.2,25.3
463.3,58234,7.5,67.6,81.0,11.9
467.1,33789,20.6,36.9,53.4,30.4
549.9,34073,22.1,45.4,55.6,23.5
461.0,49056,13.9,56.4,67.2,15.5
490.5,66556,11.9,57.9,70.8,14.6
385.5,48048,15.7,57.4,60.6,24.4
450.4,51422,14.3,47.2,76.1,13.5
408.0,27875,32.4,41.8,33.5,29.9
425.9,52011,14.0,68.1,76.9,11.7
484.8,52650,8.3,63.4,78.2,14.2
543.8,27877,37.4,45.1,41.7,32.7
503.8,40642,23.5,49.6,57.0,22.5
453.5494221,52749,12.9,57.3,71.9,14.3
492.9,46322,15.8,54.0,66.6,21.5
393.1,43338,14.8,51.6,66.5,18.8
530.3,37281,23.0,44.1,55.8,32.4
479.3,40590,20.7,48.3,57.3,25.7
431.6,37581,19.4,53.8,56.0,18.6
450.2,47966,22.6,59.6,77.3,13.5
473.2,68246,8.0,60.7,80.8,11.1
435.4,33640,21.5,49.1,59.7,24.6
390.6,46186,14.7,53.6,69.3,16.7
453.5494221,57850,10.9,65.2,76.1,17.4
466.4,43562,14.7,55.6,67.4,20.3
431.5,37417,19.9,48.1,58.4,23.9
491.9,45807,12.9,57.7,64.0,18.1
408.9,50358,12.5,57.9,74.6,12.5
444.5,72973,5.8,62.5,83.8,9.6
435.7,55177,11.0,59.6,75.7,11.7
433.9,25413,38.1,40.3,46.5,26.2
450.3,36795,19.2,46.7,61.8,19.1
460.8,40555,15.2,45.5,58.6,21.6
375.8,38403,23.4,52.9,49.6,29.4
446.6,50935,13.9,52.1,72.1,14.9
411.2,44113,17.6,49.4,58.3,19.2
459.6,46388,17.2,58.7,68.4,17.1
381.0,27382,28.2,50.6,54.2,24.1
488.3,32054,28.5,41.3,45.1,28.5
349.7,49348,14.6,45.9,63.7,21.1
464.5,43087,18.6,46.5,54.2,21.6
384.2,40442,19.3,40.8,59.2,19.1
478.3,61750,7.9,68.2,78.7,11.0
475.7,32239,27.1,48.9,48.6,25.4
452.5,36383,20.1,35.8,57.6,24.4
417.9,50388,15.8,57.1,49.9,29.2
481.9,40839,16.6,42.1,60.2,21.6
325.8,32083,23.2,35.9,51.0,33.0
397.1,55520,13.2,57.7,73.4,12.4
453.5494221,53291,12.1,58.7,73.1,17.9
421.7,33881,23.1,49.4,58.6,21.7
470.6,58291,11.3,61.9,70.2,17.5
400.0,33043,26.0,49.7,46.5,32.3
453.5494221,48645,11.2,60.5,79.5,11.3
414.6,42722,17.3,48.0,53.6,24.5
414.7,31330,26.4,39.9,56.6,26.1
459.6,41940,22.4,47.7,65.6,18.0
453.5494221,57878,8.8,66.0,80.7,10.9
389.8,38655,19.3,58.3,50.6,21.6
427.4,61747,9.9,58.5,69.8,17.3
399.8,59569,17.5,62.4,72.7,10.6
412.9,44430,13.8,57.0,66.2,16.4
433.4,50917,18.1,52.3,54.7,27.7
445.8,77281,10.7,53.9,63.5,16.6
489.1,50191,11.6,58.5,71.7,16.2
404.0,40189,17.8,40.9,55.8,24.1
453.5494221,51241,15.6,57.7,62.9,16.0
578.2,38331,17.2,51.8,59.9,21.2
461.3,55915,8.7,59.6,70.0,17.1
400.9,40305,16.8,48.9,63.7,20.6
449.0,57517,12.0,51.4,69.1,17.3
453.5494221,64490,13.0,67.9,75.4,15.2
380.9,40081,23.4,52.9,47.3,23.3
448.5,41678,14.1,51.9,69.4,17.8
417.5,34321,24.3,45.3,50.7,25.9
453.5494221,45353,11.4,63.2,74.6,9.2
468.1,86654,6.7,64.2,81.6,10.9
453.5494221,44113,15.3,54.4,62.3,26.8
512.7,25402,43.0,32.0,36.3,36.3
444.5,51003,15.8,59.8,61.2,17.3
385.1,36929,22.5,44.5,48.4,20.6
336.8,31734,31.7,33.1,49.7,28.4
457.7,44119,18.9,49.7,60.9,22.5
456.8,41595,15.7,52.5,62.5,13.6
460.1,36333,24.3,43.7,47.6,28.4
367.3,38528,21.9,41.3,59.7,22.9
417.6,32662,22.1,51.6,58.1,24.0
480.4,31835,30.9,44.4,49.3,18.7
450.9,48232,15.0,51.0,64.7,16.8
457.8,43972,16.4,48.9,66.6,16.0
448.4,58030,18.2,57.8,55.8,25.0
381.9,35256,22.3,40.1,49.0,25.9
493.5,49569,12.0,63.4,73.8,15.9
364.5,59416,10.3,49.7,69.6,14.7
453.5494221,53838,9.2,69.1,80.4,12.5
434.9,63166,9.3,66.4,74.1,12.8
503.8,56099,11.0,57.9,70.1,16.4
445.5,42582,16.9,52.9,67.7,19.3
464.2,75738,11.3,64.9,75.8,12.7
364.0,44562,13.9,52.8,60.2,22.7
378.2,56067,12.3,57.4,73.6,15.4
487.7,43810,16.2,53.2,67.3,20.3
465.4,43851,16.5,50.8,65.3,20.9
330.8,36290,20.8,45.3,62.7,20.7
395.1,43564,13.3,69.9,76.0,12.9
449.5,51868,10.6,60.0,73.0,16.3
518.1,72041,6.3,65.3,84.8,7.5
431.7,35425,24.7,49.4,49.2,29.7
525.8,46878,14.8,54.0,65.5,23.8
498.3,42032,16.7,46.3,68.1,19.6
460.6,42374,17.5,52.7,62.2,21.6
463.5,45453,15.4,52.4,63.1,17.9
443.1,36205,21.5,50.5,69.2,17.8
402.5,52428,11.5,60.9,68.0,16.2
495.8,67342,6.3,68.0,81.4,12.4
516.3,58392,10.2,59.7,71.2,13.6
449.2,41446,15.8,62.8,62.1,17.5
493.0,49689,12.1,54.5,70.3,22.7
440.7,47069,18.2,61.6,60.3,17.6
446.1,47018,14.8,39.0,77.7,10.6
468.6,48767,11.6,56.4,67.9,22.5
475.8,60556,9.9,62.7,80.2,12.4
469.2,36736,21.6,43.5,64.8,19.3
449.1,40801,17.2,51.4,60.3,21.8
491.9,47615,15.2,55.2,69.5,16.4
432.1,38280,19.7,49.7,52.0,17.9
344.1,34206,26.0,46.4,47.2,24.9
417.3,62536,11.9,66.9,73.1,11.0
456.9,41800,18.0,60.8,59.0,20.5
401.5,38219,17.9,43.7,53.6,28.4
374.9,35491,23.7,42.8,55.5,19.5
485.0,44138,19.6,56.4,65.3,22.5
499.6,37968,21.7,52.3,57.5,25.3
438.7,51629,11.9,55.6,76.5,13.4
511.0,40923,18.9,54.6,61.4,26.2
480.3,35321,25.3,38.3,53.5,28.9
413.9,53321,13.7,43.0,66.6,19.2
453.4,38653,18.8,50.9,55.5,24.6
506.5,54865,12.3,58.2,73.6,15.0
350.1,44726,12.3,67.0,70.5,16.9
418.6,76061,12.9,60.9,65.0,18.3
466.9,48316,13.5,60.1,69.7,20.8
472.0,49949,14.6,54.9,75.4,12.9
524.5,33943,23.0,41.8,54.6,29.5
486.0,59399,9.7,60.4,76.7,12.8
453.5494221,45781,17.3,60.3,66.7,18.8
434.9,66034,14.7,56.7,66.6,16.8
399.1,51673,14.1,49.5,61.1,19.3
510.2,39089,21.8,50.7,65.5,20.9
484.6,35740,25.2,53.3,43.0,22.4
465.9,52331,14.7,57.3,71.6,18.5
472.2,55047,11.6,57.7,73.1,17.5
429.4,41849,18.3,48.5,63.0,18.4
417.7,51831,11.3,60.9,69.3,16.1
462.6,40251,17.5,54.0,60.3,23.6
341.9,59408,7.1,62.6,84.8,7.9
391.3,57007,14.1,60.1,62.3,21.3
484.9,50347,13.3,56.1,71.8,18.2
490.9,37873,14.9,44.0,60.3,23.6
464.1,41319,22.9,55.9,69.2,19.1
402.3,44109,11.8,65.3,67.3,15.6
438.1,52894,9.6,62.6,78.5,11.8
453.5494221,56927,9.4,62.0,77.6,11.9
407.6,48569,14.1,58.1,63.4,26.0
469.4,41326,16.9,50.6,64.4,20.1
379.5,44947,11.5,62.0,73.2,16.2
451.5,50348,12.4,54.9,63.8,19.1
415.9,43818,24.8,49.8,48.0,32.3
446.9,53026,11.7,59.1,73.3,14.7
427.7,41316,17.5,50.0,60.3,19.3
429.4,37113,23.9,44.0,46.9,24.5
453.2,50108,12.0,58.8,71.9,17.3
419.3,43852,11.5,60.7,74.8,9.8
349.7,26309,35.3,28.6,54.8,24.5
489.7,40422,17.5,57.1,65.2,19.4
549.3,30333,29.8,42.0,49.2,31.1
496.2,57732,12.4,59.9,70.5,21.9
430.1,37853,19.0,50.8,56.4,22.9
460.0,34017,33.9,46.5,49.3,31.3
423.2,84686,8.6,63.4,80.2,12.3
378.7,34201,25.9,52.3,51.6,26.2
453.5494221,52795,10.8,60.5,81.9,10.5
433.0,68166,14.1,60.1,64.5,20.5
507.1,70074,10.7,62.5,71.6,21.4
445.3,55319,9.1,68.5,78.6,10.7
487.1,42730,19.9,48.2,57.8,23.5
514.6,40013,18.5,41.7,63.5,21.3
426.3,50719,12.4,67.6,70.7,16.4
491.2,37230,20.6,41.2,56.9,26.2
457.3,27709,33.7,36.5,47.1,34.0
501.0,36810,20.1,49.6,58.5,22.9
475.1,35980,21.2,46.0,50.5,31.1
455.6,40683,20.8,50.3,61.0,21.6
524.8,32835,25.9,42.6,54.3,26.5
452.5,35266,20.5,47.7,56.8,21.0
472.7,50919,14.0,63.4,76.0,12.2
372.0,39625,17.4,49.3,56.6,24.7
354.9,38783,21.1,33.3,47.1,24.1
463.0,68172,11.1,62.0,65.9,17.1
409.0,34354,24.6,49.2,57.9,22.8
441.8,51175,11.3,59.5,67.4,18.1
427.8,51285,11.5,54.2,66.1,17.4
478.1,54400,9.9,65.2,75.6,14.8
462.1,52752,16.8,60.1,68.4,15.0
444.5,92446,7.2,63.9,82.1,11.0
516.0,45483,16.7,58.0,59.7,23.1
464.0,42823,24.4,44.5,54.8,23.0
415.4,57737,15.0,60.6,79.7,15.3
488.7,36390,23.4,38.2,60.4,24.3
387.8,41813,14.6,63.0,55.5,19.4
284.8,38469,17.0,53.1,73.8,11.9
420.0,97219,8.5,61.9,74.1,14.2
430.3,45589,19.3,61.5,65.1,17.1
474.1,49117,13.1,60.0,70.1,13.4
453.5494221,88500,4.8,73.2,87.5,7.4
501.1,61945,8.1,69.5,83.3,8.5
389.8,46394,14.9,54.3,59.3,22.5
486.7,83152,10.4,60.4,73.6,14.8
444.9,58268,10.6,51.1,80.6,10.6
449.5,48128,13.4,57.4,72.7,14.5
488.8,76365,7.9,64.2,80.1,12.7
490.1,36886,28.1,36.8,54.7,23.6
459.7,50305,19.5,65.3,80.4,9.9
452.4,58750,14.6,58.5,66.6,19.1
484.6,58473,11.5,60.0,75.4,15.5
379.0,26732,41.4,42.7,36.8,24.0
461.5,35004,24.0,42.0,44.6,26.8
460.2,50896,10.8,63.7,77.9,10.6
434.1,30056,25.8,43.3,54.2,27.0
355.6,32964,25.5,41.4,46.4,30.2
508.0,33134,27.4,46.4,53.6,24.3
423.7,44531,15.1,48.6,70.5,17.9
490.7,45944,19.7,57.1,65.3,18.5
478.1,36118,21.6,49.0,57.7,22.4
468.8,53804,15.7,57.9,71.9,15.1
475.2,51048,14.2,52.5,70.2,13.7
508.7,71885,7.2,62.8,82.6,11.2
396.4,33127,22.0,46.3,47.1,30.9
453.5494221,54433,9.6,62.8,76.8,13.3
467.0,50244,13.0,60.9,70.8,19.1
426.4,39936,15.2,61.5,72.1,13.0
296.2,37465,23.6,49.1,49.5,27.9
431.1,42622,17.7,59.2,68.4,17.6
538.8,36449,17.3,42.3,48.3,27.1
459.2,52978,14.4,60.0,69.4,17.0
305.1,58425,8.6,61.5,74.1,9.4
326.4,29244,33.7,32.4,41.8,32.8
396.1,52224,13.9,62.0,72.4,16.8
479.1,54141,12.0,65.4,72.5,17.2
497.9,37597,20.0,52.4,66.8,15.5
427.3,46750,15.4,59.3,57.2,15.2
434.6,40382,22.6,49.9,48.9,25.7
527.2,54271,14.1,56.5,69.2,20.5
501.1,44800,15.6,55.1,60.6,19.6
509.4,59300,12.2,57.8,75.2,13.5
462.7,33428,30.4,45.5,48.3,27.1
401.8,45454,15.8,49.2,69.6,18.9
432.3,46835,13.9,51.6,67.0,19.3
380.6,33136,24.4,51.0,48.2,30.3
425.0,49565,10.1,58.2,71.4,18.0
454.6,54836,11.7,55.8,72.1,16.2
434.7,38419,23.1,41.0,58.7,18.9
393.0,41736,20.2,43.2,53.2,27.5
424.7,44175,19.5,45.8,60.7,22.5
424.8,55139,15.0,51.9,64.6,16.4
415.5,60658,10.7,63.7,70.6,12.7
413.4,76996,12.5,60.8,70.7,16.6
496.0,48552,19.8,63.0,72.4,14.7
392.0,53290,13.6,66.8,82.7,9.1
453.5494221,43706,18.5,58.5,58.6,26.1
211.1,34258,21.8,47.6,35.2,22.7
487.1,46831,18.4,60.9,65.9,19.0
429.7,48461,17.1,55.6,60.7,17.9
423.8,43823,19.3,46.3,58.3,24.1
514.9,45840,20.1,57.3,72.7,16.7
493.1,34116,24.8,46.0,49.6,31.0
410.9,64533,9.2,56.9,70.6,12.5
503.6,43615,20.4,51.0,54.9,25.2
525.3,42288,16.9,52.4,63.9,22.5
495.0,40065,25.0,53.1,69.1,16.3
560.9,25562,40.3,39.4,33.5,39.8
403.5,53654,12.3,67.6,71.7,15.9
484.0,46598,15.0,57.2,62.1,21.5
502.9,46067,13.3,52.7,67.7,19.5
470.1,47542,14.3,55.6,68.3,19.4
497.7,55482,11.2,63.1,72.2,15.7
433.8,54230,17.3,63.2,54.7,19.8
437.9,49507,12.4,61.7,74.4,15.6
397.1,31623,28.9,44.0,52.9,25.8
505.2,40312,18.0,50.8,57.7,26.7
261.1,40590,29.2,46.7,45.4,25.1
451.3,41930,16.1,46.3,60.2,23.3
440.9,41521,21.8,51.9,54.0,22.0
405.5,55686,18.7,58.0,55.0,23.0
473.3,53342,15.3,63.4,72.2,16.4
459.2,51584,12.0,57.1,68.2,21.4
421.6,51282,10.7,59.4,76.8,14.9
473.9,47024,15.8,60.1,58.6,22.1
445.6,42645,15.9,54.1,63.5,22.0
506.0,40957,17.9,51.5,60.1,25.7
458.9,44801,16.5,45.6,71.6,17.7
468.2,48718,15.9,53.0,71.1,18.6
482.3,42056,16.7,55.0,60.9,20.5
330.5,31429,26.6,37.9,52.5,26.3
472.9,60946,7.4,67.1,86.2,5.7
434.6,36351,19.3,48.0,60.5,23.7
399.5,57720,17.7,62.7,56.5,21.3
463.2,51022,13.9,35.7,64.7,20.4
452.2,42840,18.8,52.1,49.3,31.5
419.4,41504,19.9,44.5,56.8,26.6
521.8,45211,16.0,56.9,71.9,17.2
413.3,67260,9.8,66.8,60.4,9.3
391.8,34445,21.2,50.6,62.3,21.8
453.8,36620,24.9,40.5,56.0,24.3
468.0,47286,12.9,51.4,64.4,18.5
466.3,43701,13.4,55.3,69.6,19.9
453.5494221,60869,9.6,63.9,77.2,13.9
448.2,46061,16.8,53.0,69.8,18.7
489.6,34216,29.9,47.7,70.6,18.6
388.4,37014,20.4,56.5,51.1,25.8
393.2,44397,15.0,49.5,59.9,16.9
502.6,58577,11.8,64.3,74.8,12.4
465.6,42684,23.6,52.1,74.5,15.9
483.1,32408,26.1,54.1,45.0,24.8
367.9,40205,18.0,40.9,64.3,19.9
500.1,38329,21.0,49.3,55.0,30.4
341.0,40680,24.9,39.3,52.1,23.1
503.0,37625,27.2,44.0,55.2,29.0
379.3,40642,16.2,45.2,60.3,19.7
521.3,28341,25.7,43.8,50.3,30.2
473.4,43305,16.3,59.1,65.4,20.4
447.4,28456,37.4,29.6,47.6,27.6
426.5,58587,11.2,52.5,70.5,14.6
440.9,56791,9.6,67.7,78.9,10.6
496.6,30299,28.1,41.6,45.2,33.0
442.7,50192,13.9,60.5,59.8,19.1
479.1,54920,8.7,62.2,76.2,11.1
448.4,37096,39.5,27.0,36.6,32.7
524.9,62937,11.9,53.6,70.9,19.0
421.9,41802,16.5,53.0,63.6,20.8
459.5,51221,12.4,59.6,73.0,13.3
454.1,45193,16.2,48.9,62.9,17.8
511.5,26439,40.1,39.3,38.9,35.6
470.1,35884,18.9,47.8,59.9,24.1
453.5494221,52862,15.4,59.6,65.4,15.6
482.6,50219,11.9,53.7,73.7,15.5
538.3,44191,14.4,46.2,74.2,13.8
471.7,46839,14.9,57.2,69.0,18.8
214.8,32086,26.7,44.1,34.9,34.2
420.1,44716,15.8,64.1,69.4,14.3
456.2,32734,27.4,47.5,46.5,32.2
466.4,45704,18.5,47.9,64.6,21.6
438.5,55472,12.4,51.0,64.9,16.0
405.4,53150,11.8,68.9,77.2,13.3
492.9,51947,12.3,63.3,70.5,17.2
544.2,78983,8.2,61.3,78.0,12.8
453.7,42903,14.3,56.6,66.9,17.0
381.3,32815,25.4,42.0,49.5,25.4
488.5,60093,9.6,61.3,76.0,13.6
394.5,50758,10.3,67.8,70.3,14.2
453.5494221,51032,10.8,63.2,72.0,19.8
467.9,42063,17.8,42.2,63.9,22.6
425.3,30516,29.8,44.8,45.2,32.1
433.4,44551,17.5,46.7,54.3,22.9
506.6,52578,11.8,64.1,73.4,17.4
425.6,49159,12.4,65.9,75.8,14.8
448.7,37813,19.6,43.3,52.2,26.7
453.5494221,52042,12.2,62.5,72.5,17.2
435.5,65738,8.2,67.8,70.8,8.3
445.5,56465,10.0,60.4,72.8,13.0
461.5,42252,19.1,56.6,59.9,22.7
453.5494221,47723,11.9,58.4,74.9,15.3
532.8,43699,12.0,61.8,76.0,14.1
526.5,36808,26.4,54.1,56.5,22.4
454.7,32750,22.0,39.9,54.3,22.0
473.4,51836,13.7,68.4,72.2,14.5
420.8,41587,22.1,56.2,52.0,22.2
436.7,45574,15.9,61.9,67.4,13.4
508.6,59831,10.0,60.8,69.6,16.8
434.1,49552,12.8,54.4,71.5,14.9
485.9,64632,12.3,60.8,73.4,17.0
361.2,29147,25.8,35.0,60.6,20.2
374.7,35522,20.7,47.2,54.2,20.0
345.3,60650,10.0,59.1,80.6,11.3
425.1,70874,6.9,67.3,81.8,9.3
417.3,50358,13.8,54.3,70.0,18.7
467.3,58673,11.0,65.0,71.3,20.4
482.7,44461,12.7,59.4,70.3,16.6
424.9,31486,29.8,47.8,49.3,28.1
485.9,71294,8.3,61.3,76.9,12.4
591.0,32961,25.1,39.6,48.7,32.5
473.3,47278,18.3,58.8,63.9,21.3
471.5,50295,15.0,53.8,66.2,17.0
453.5494221,48188,9.2,65.8,72.9,18.6
472.2,42079,13.4,52.9,64.8,22.4
464.7,51911,10.1,59.3,68.5,15.4
448.5,54196,14.6,60.3,71.0,15.2
517.7,74576,8.5,62.4,76.7,17.4
430.4,38641,21.1,44.8,53.4,28.7
463.4,37344,21.9,46.0,60.0,22.5
463.0,39983,19.7,57.3,68.7,16.6
460.5,75689,8.3,55.8,78.2,11.3
483.9,52776,10.5,62.3,73.1,17.3
470.4,32645,23.0,50.0,48.6,26.0
443.6,49625,12.9,60.6,73.7,15.8
356.3,36482,20.0,41.0,54.0,27.0
435.6,67676,8.6,60.4,80.0,9.2
460.2,64350,10.2,59.4,76.5,12.6
429.2,41588,18.4,45.2,58.9,25.4
374.4,39256,19.1,49.3,54.8,21.5
392.1,45721,14.3,55.0,67.1,16.1
478.1,36994,20.3,45.8,53.8,25.8
338.2,45808,23.8,51.7,35.2,36.1
362.3,36627,24.0,46.6,49.4,23.7
374.1,37527,20.9,46.8,55.8,25.3
400.8,25530,39.9,35.5,47.9,30.1
492.0,61598,9.1,66.0,78.2,10.3
420.3,58921,9.8,59.2,67.0,16.7
515.2,55371,15.3,60.8,72.3,18.6
528.7,41434,24.1,49.9,58.4,26.0
475.7,41348,19.0,49.6,53.3,26.3
526.7,51550,20.5,61.0,68.1,17.1
523.5,44358,19.7,56.7,68.2,17.9
407.5,42839,14.6,67.4,59.4,18.1
450.4,53799,14.7,65.0,72.9,13.7
453.5494221,51028,11.2,63.6,74.5,15.3
437.7,48287,17.3,55.9,62.2,15.8
488.5,100511,5.0,64.7,84.0,7.5
414.1,42572,16.3,52.0,58.7,23.6
491.8,26408,38.5,30.9,43.0,33.4
452.7,40657,18.0,50.3,61.7,24.0
325.3,35457,28.5,39.7,40.1,37.8
445.6,46744,11.4,59.7,74.1,12.0
475.8,42943,19.6,52.6,62.4,20.6
444.6,46961,14.0,64.7,69.2,15.8
439.7,39444,15.4,56.0,65.2,19.0
482.0,41260,20.2,53.6,63.7,19.6
372.4,43355,14.1,59.5,69.8,16.4
428.0,64636,9.7,66.0,73.4,12.1
413.3,54721,12.7,54.6,67.2,18.3
337.1,31103,30.4,41.8,48.3,23.9
422.1,37831,18.7,49.5,58.1,23.5
413.7,28524,41.9,27.9,45.4,36.7
479.7,62526,8.5,66.5,82.9,7.3
560.4,40257,14.2,54.2,71.1,18.2
417.8,50106,13.9,60.5,69.3,15.2
561.4,29090,26.8,37.3,44.8,32.9
534.8,40701,17.0,52.4,55.9,26.7
454.3,41385,19.1,35.1,58.5,27.1
446.2,72131,10.7,64.3,68.4,18.3
487.6,73684,5.1,64.1,83.4,11.3
577.4,53783,12.3,54.1,74.0,16.1
364.5,51244,10.7,53.6,72.2,14.0
531.8,80479,7.2,61.0,81.4,10.6
446.4,38478,23.6,49.7,48.7,20.6
497.9,31510,27.8,41.4,53.4,26.2
461.0,45860,14.4,50.3,66.8,20.7
460.0,54916,9.6,58.4,78.7,14.2
466.5,34910,22.4,48.9,55.1,25.7
408.4,30010,24.4,42.4,48.5,27.9
378.7,41539,12.6,57.9,66.8,13.7
486.8,65809,12.2,60.7,71.3,19.5
468.0,40512,21.9,44.1,52.1,31.4
469.6,40709,17.4,48.7,60.6,22.1
429.0,45717,18.0,48.1,61.3,18.8
453.5494221,76512,7.2,69.6,82.3,11.6
392.3,55204,11.4,61.7,70.6,13.0
418.3,64916,13.1,63.5,72.3,18.4
459.2,42491,14.9,54.2,61.8,22.5
372.9,67083,9.1,57.6,81.9,8.9
478.5,43160,17.2,52.5,63.8,22.3
426.7,52616,11.5,62.9,73.4,14.3
408.2,40010,19.7,46.7,51.5,22.7
472.2,48195,19.9,64.5,64.3,18.5
453.5494221,55292,14.2,63.6,84.2,10.3
422.8,47292,15.0,59.5,65.8,18.4
466.2,45232,12.5,56.3,66.2,16.8
498.7,43518,18.9,48.9,66.9,20.5
399.0,44207,14.6,53.9,66.2,18.6
453.5494221,45639,19.3,52.9,61.3,18.7
408.9,31176,32.5,47.7,46.7,29.3
488.4,50155,19.1,55.6,65.5,22.2
438.4,61773,10.7,66.9,61.0,14.6
430.1,60970,10.5,61.6,75.6,13.2
416.9,69115,8.5,65.6,76.8,11.8
482.8,41093,25.5,44.9,53.3,20.9
375.0,33387,23.3,46.7,74.4,11.9
341.5,36128,23.9,40.8,54.2,25.7
469.3,73981,10.7,56.4,63.3,15.8
408.2,36377,17.5,35.3,66.6,18.7
438.8,43054,22.5,55.4,63.5,20.9
419.8,45559,15.9,57.9,63.8,16.6
389.0,27522,32.0,42.5,38.7,23.1
442.3,31577,28.5,45.3,46.2,27.1
455.8,50154,17.9,55.8,63.8,16.4
443.6,51550,12.5,72.3,81.3,9.7
560.5,26048,34.9,37.8,40.3,38.7
502.0,46383,17.7,44.8,57.4,24.3
522.0,48357,13.8,59.6,75.3,15.4
473.3,57491,11.8,53.3,67.7,15.4
457.0,54606,13.8,56.5,68.9,20.5
450.0,36852,22.5,40.4,58.0,23.8
437.5,41876,20.2,45.3,54.9,18.4
436.7,70687,8.3,65.5,77.1,12.2
476.1,51041,11.7,57.7,73.9,16.8
468.5,38878,22.1,51.4,57.3,23.2
484.6,52339,15.4,57.0,67.8,18.9
514.4,70299,14.5,55.2,70.3,20.2
449.1,46737,19.3,56.2,58.7,20.2
480.2,34867,25.9,46.8,51.6,27.9
453.5494221,52744,10.4,63.2,77.8,11.3
470.7,60179,10.8,60.7,78.9,11.4
365.7,49995,19.4,32.2,66.6,20.3
431.7,33322,25.3,47.0,51.4,26.0
425.4,36642,17.7,54.4,63.1,17.9
530.9,61685,13.0,59.6,68.3,18.6
352.0,36929,21.3,52.6,56.0,21.7
495.5,38465,19.3,46.2,55.9,21.3
318.9,60810,10.6,62.1,67.6,10.3
522.1,28647,33.0,38.1,37.7,40.6
467.4,53945,13.6,48.1,65.1,21.4
421.6,62394,11.0,59.0,72.7,13.2
461.8,38224,21.5,58.2,52.5,20.8
505.0,64150,8.9,55.8,74.2,18.9
492.6,49768,13.1,54.6,67.0,18.4
469.6,45431,17.8,59.3,65.2,17.9
439.1,39539,17.6,40.2,60.0,24.8
404.0,61762,9.6,60.0,69.7,13.8
433.0,46018,16.9,53.8,61.1,18.2
453.5494221,60114,7.9,66.7,77.3,14.0
459.5,59921,9.6,59.7,74.3,16.4
442.6,49905,18.0,59.0,70.0,14.2
479.9,49234,13.9,57.6,71.7,16.7
453.5494221,52001,18.5,36.9,59.9,19.1
419.5,43194,19.0,52.1,55.0,22.0
414.0,41942,26.2,51.9,77.7,10.8
397.2,40328,19.3,45.9,54.7,25.6
400.6,43883,12.1,62.2,75.6,14.8
425.7,36867,20.7,42.2,50.2,21.3
339.4,44794,13.6,60.9,70.8,17.7
461.7,49659,14.7,58.6,66.7,16.5
465.9,39999,22.5,46.9,59.9,23.6
331.3,34312,29.5,43.2,56.4,16.6
472.5,46177,13.5,55.0,65.3,19.6
460.5,97802,4.8,67.9,87.4,7.5
342.6,32722,20.9,52.9,44.9,26.4
479.6,61436,10.8,64.5,74.3,14.6
335.8,38000,20.3,48.2,64.0,18.2
455.6,38155,18.3,46.4,56.9,26.0
453.5494221,54386,11.3,62.1,76.2,15.1
504.8,41783,21.9,50.2,62.4,19.3
437.1,30744,24.0,42.5,49.6,31.1
415.2,35977,20.1,46.9,46.8,26.6
447.9,45168,14.6,56.1,73.7,13.0
488.7,58471,10.2,61.8,75.1,15.0
430.4,48879,13.2,65.0,75.5,16.0
475.3,58995,8.9,63.0,83.1,10.4
360.7,36108,24.0,53.1,54.7,25.2
458.2,39005,15.2,55.6,63.9,22.5
476.2,45029,13.9,58.0,60.0,29.0
445.5,39882,19.5,58.5,63.8,17.5
507.2,49274,13.4,57.4,72.9,16.0
437.3,59382,13.2,56.9,76.6,15.2
372.4,31829,29.1,49.4,44.0,25.7
365.9,63575,9.0,63.0,77.6,10.6
422.9,47433,16.8,54.1,68.3,18.4
472.0,38916,21.6,45.3,60.5,22.9
525.7,61510,10.0,59.2,77.1,13.5
445.9,61931,8.8,65.1,80.5,11.8
409.6,30414,33.1,45.8,43.4,32.0
562.7,29067,27.8,44.3,49.7,26.1
500.6,39506,19.6,47.6,61.2,23.8
423.9,45464,14.7,48.0,68.0,17.1
453.5494221,59596,10.7,68.2,62.4,17.8
392.2,48840,12.4,51.9,63.0,20.2
414.5,52075,15.4,62.8,78.7,12.9
367.0,61098,9.5,57.5,64.5,14.8
463.3,78001,9.5,62.4,73.8,15.0
433.5,48277,14.5,57.0,67.2,17.2
490.7,50751,20.5,57.4,59.0,14.2
467.1,48973,17.6,60.2,68.1,20.4
431.4,55984,9.4,70.3,83.5,9.7
501.4,49897,16.5,46.6,71.4,17.0
453.5494221,50525,12.9,59.7,71.7,14.0
449.1,52996,12.6,52.7,72.9,16.1
456.6,65485,7.7,63.9,75.7,11.3
493.6,44903,13.2,53.7,68.4,20.3
457.6,41765,23.4,57.6,66.2,17.5
463.3,52513,12.3,55.9,65.3,16.8
422.4,40881,17.7,47.0,59.7,20.2
455.5,44235,20.6,49.7,62.3,24.0
393.5,48944,12.3,56.2,69.6,13.1
512.8,27635,39.4,29.3,41.3,27.9
394.5,37497,22.6,46.7,46.8,22.8
434.9,35955,25.3,42.3,48.5,27.6
480.5,42567,23.4,50.8,63.0,18.7
502.9,46927,14.1,52.5,65.5,23.1
456.3,43356,15.2,50.9,70.3,17.0
471.1,42029,18.2,54.1,64.9,23.2
419.5,33750,24.8,50.9,56.8,23.8
451.1,43212,16.7,55.5,68.0,17.0
466.9,46214,14.6,58.1,69.8,14.9
453.5494221,76104,6.6,69.2,84.0,8.0
375.5,39551,16.3,48.5,63.1,17.5
453.6,32867,26.8,43.2,53.1,26.7
486.3,43490,16.3,55.6,68.9,19.7
486.0,44224,17.4,55.0,69.3,17.4
510.7,34116,21.3,49.8,57.7,24.1
334.7,36627,24.1,54.7,43.8,28.3
503.5,69228,13.4,59.5,71.9,17.9
381.4,56298,8.9,63.1,79.7,10.7
471.1,34830,21.1,44.2,49.3,26.5
395.9,43482,19.9,58.6,80.5,9.0
472.6,44309,18.4,43.0,65.1,19.9
378.7,44324,17.4,58.7,71.2,13.8
385.7,50998,10.5,64.7,73.4,16.0
445.8,31765,23.3,43.9,46.7,29.5
507.4,34271,25.6,38.4,48.8,34.0
435.5,56353,11.6,59.7,72.3,14.0
559.1,55409,13.0,53.0,72.1,16.8
517.5,49790,14.0,54.2,67.6,18.7
431.8,55770,11.5,62.2,78.4,11.6
442.1,55427,12.9,50.2,66.7,16.8
479.0,47410,13.8,57.9,67.7,17.8
370.7,42344,20.7,56.0,64.7,22.4
447.1,47224,14.8,62.2,71.6,14.5
431.0,32773,28.3,38.0,50.1,23.0
458.3,66625,9.8,58.6,77.9,12.4
402.4,37644,29.0,31.2,50.4,30.1
429.8,45644,13.4,66.0,71.2,14.3
433.2,57126,11.4,60.0,75.0,15.5
357.5,46765,16.0,69.7,59.7,20.1
426.8,34971,23.0,52.1,57.3,25.9
483.6,51650,15.5,48.9,66.3,19.5
481.0,35955,17.8,45.6,54.7,21.4
420.4,51440,15.5,60.8,70.0,15.0
502.3,38454,23.6,55.4,56.1,23.8
419.3,45308,15.5,38.7,65.8,18.6
501.8,32150,31.7,47.0,48.9,26.8
520.4,52914,10.3,64.9,80.4,10.8
423.1,35701,19.0,33.9,47.7,24.8
481.7,32042,26.7,46.7,55.2,25.2
453.1,39956,19.8,44.7,57.4,23.9
425.1,42611,17.0,52.9,73.2,13.4
414.5,56877,17.1,52.4,56.3,24.2
480.7,44148,16.5,56.0,65.8,22.5
423.0,32521,23.6,44.8,53.6,27.1
437.3,39870,20.7,52.8,43.6,21.6
497.9,45914,14.3,54.7,64.4,20.2
371.3,44055,16.3,52.4,64.1,21.2
414.0,52814,12.5,53.2,63.1,17.5
491.5,35930,19.7,46.9,55.2,22.7
459.4,42579,22.3,39.5,55.5,26.6
453.5494221,41434,13.9,57.1,67.8,16.1
495.9,46577,15.5,49.9,67.8,20.5
405.3,34288,28.8,46.0,50.2,25.3
453.5494221,47537,12.1,62.5,73.4,16.0
409.1,52185,14.7,55.8,66.8,16.2
494.3,42946,22.0,59.7,60.2,25.9
453.5,36012,26.0,48.6,56.6,23.4
442.9,49072,17.7,56.8,62.7,29.2
460.2,45710,17.5,52.9,59.6,20.5
461.7,47905,10.0,62.1,77.1,12.4
370.1,38494,25.3,51.2,38.0,27.2
566.3,51195,16.8,60.4,71.3,13.6
472.7,34018,21.0,48.6,55.1,24.9
456.5,40323,14.3,49.5,67.2,18.5
259.5,49947,28.0,36.9,51.6,22.7
410.8,49380,11.7,53.1,59.7,19.4
428.9,83788,12.1,64.7,72.0,15.0
472.1,60460,14.3,65.3,80.4,12.6
462.2,49920,14.7,55.6,76.5,15.8
520.6,46926,19.6,53.4,64.8,24.4
420.9,55006,17.3,60.2,52.7,26.1
451.6,34684,18.6,53.2,63.6,17.0
403.3,40796,16.3,47.5,56.1,16.9
439.6,32815,20.7,43.3,52.2,22.2
536.1,43945,17.6,54.4,66.0,20.6
234.0,41838,17.4,41.0,55.2,25.4
495.5,46614,15.8,53.4,60.5,21.3
423.3,40710,21.6,53.4,71.3,14.5
506.7,55758,11.3,63.1,69.5,15.8
524.4,33789,24.1,44.3,55.3,28.9
422.3,52225,14.9,54.3,60.5,19.5
412.3,42214,14.2,57.5,71.4,18.7
424.7,36391,21.1,49.4,57.1,24.6
475.3,47121,19.6,48.2,64.3,19.4
469.1,41296,17.9,57.6,61.3,20.7
433.4,45195,19.0,54.7,66.8,19.1
450.8,51040,11.5,65.3,79.2,11.5
438.5,28171,35.3,45.0,39.3,36.0
407.5,42945,19.3,56.2,51.9,23.1
455.7,49782,16.1,57.6,69.5,16.4
455.8,36801,24.0,48.7,54.0,26.0
463.1,56737,13.2,58.7,70.0,17.3
478.7,54107,11.8,58.8,69.1,16.3
481.8,57556,10.7,56.6,70.0,13.4
461.6,49142,12.6,64.6,63.8,23.8
459.8,50055,15.3,59.4,64.1,18.5
403.2,31740,26.5,54.9,40.5,24.8
490.8,42812,19.2,56.2,65.3,18.3
472.6,31674,23.5,45.8,54.2,26.5
492.4,42477,16.9,52.3,65.9,18.8
484.6,51510,11.1,53.0,74.7,14.0
446.1,56365,10.6,65.9,77.2,14.3
481.0,43442,22.9,53.7,60.2,19.8
453.4,52959,12.8,57.1,69.4,15.4
474.8,62700,9.3,67.0,78.1,13.8
453.5494221,51676,12.4,62.1,73.8,14.1
428.8,70797,7.2,65.5,81.5,9.0
384.8,34341,17.6,50.7,60.0,23.0
463.1,50861,11.0,63.2,75.9,13.4
469.4,70127,6.3,61.5,80.7,12.6
354.7,46475,13.9,59.9,66.5,20.6
375.9,30489,33.4,42.4,45.2,32.4
400.7,33631,21.4,45.6,52.8,22.3
479.6,56243,10.2,65.9,71.7,15.8
484.9,40406,19.8,51.1,57.1,22.6
317.9,31805,23.0,44.6,53.1,25.3
493.1,49044,20.9,55.6,59.8,20.1
400.5,58024,11.2,60.6,71.4,10.4
412.7,43242,11.9,38.8,61.1,20.1
336.5,42620,19.2,54.0,56.9,24.1
453.5494221,60279,10.9,64.7,62.3,17.9
493.5,38055,24.4,45.0,53.3,24.7
524.8,43390,15.0,57.2,68.6,19.3
344.3,35961,17.3,43.8,64.1,19.7
430.7,61937,13.4,69.5,82.5,10.2
310.1,42191,14.5,52.6,66.3,20.1
482.7,55781,10.7,64.9,77.5,11.9
459.8,41547,18.1,53.6,63.4,19.7
433.0,62116,17.4,58.4,63.2,19.2
455.0,30019,25.1,49.2,46.7,28.6
359.6,54666,10.5,62.7,78.8,14.3
532.7,51576,16.6,51.9,72.6,18.2
337.1,31227,29.9,49.4,33.3,32.4
508.0,37996,24.3,43.8,59.2,24.5
352.4,44282,13.2,55.6,80.0,10.4
487.8,32782,28.9,39.3,47.7,32.2
435.9,44163,16.3,54.2,49.9,25.4
478.7,43104,18.9,54.3,71.5,18.6
497.1,47023,15.6,56.2,67.0,21.2
517.2,42088,18.0,56.6,63.2,18.1
467.3,40038,17.6,57.1,61.6,20.1
535.7,51403,11.1,58.5,74.2,13.2
453.5494221,60123,11.3,61.6,76.6,12.7
451.7,32722,30.7,32.9,51.8,27.4
396.2,45283,15.6,46.3,53.6,23.6
459.8,36891,21.9,49.2,57.4,20.2
426.3,39922,17.2,49.7,62.6,19.0
408.4,50169,12.9,52.5,63.9,17.0
492.3,54459,12.3,59.5,68.8,18.0
499.8,68421,7.7,65.6,76.5,11.6
471.4,56573,14.7,54.1,71.8,15.6
453.4,40002,19.3,48.9,52.5,24.4
429.7,64381,10.8,62.7,74.3,12.3
455.2,45316,16.0,61.2,56.6,17.6
453.5494221,53552,11.5,69.0,76.7,15.3
421.9,41004,19.4,55.0,53.1,22.9
578.6,42892,14.1,49.8,67.4,20.7
428.2,54509,19.5,55.4,70.5,16.2
444.5,43835,22.5,55.4,76.5,12.4
403.5,43379,19.3,52.4,63.6,17.3
492.7,43269,18.0,46.9,63.7,21.9
564.5,43799,18.3,58.2,65.2,20.6
453.5494221,74347,11.0,59.8,69.1,11.3
466.6,38449,20.6,45.2,50.8,21.9
459.5,53519,18.6,62.6,67.0,18.1
412.0,39908,18.6,53.5,62.1,19.9
472.0,60735,13.6,59.3,73.4,15.1
377.4,37156,20.5,45.8,57.1,26.1
496.6,52640,13.4,60.2,69.5,17.0
492.4,49251,11.6,65.3,71.7,11.1
481.8,43969,14.9,53.4,64.9,19.5
334.0,34863,22.2,54.6,50.7,22.8
519.3,39808,18.5,48.0,66.4,22.9
492.9,41538,17.5,50.9,65.3,21.7
505.5,43396,14.6,56.9,67.6,19.9
496.9,35002,20.7,36.2,60.7,22.8
509.9,65971,7.4,63.7,82.3,11.4
460.0,37707,20.2,46.8,64.9,19.7
512.6,51047,12.3,52.3,68.0,15.8
415.1,46625,15.0,53.6,64.4,15.8
293.6,46404,14.2,49.1,62.8,21.6
485.3,36003,22.2,47.6,52.8,25.1
405.2,48014,16.6,50.4,62.9,18.7
507.3,42728,18.0,56.1,63.3,20.7
454.5,41462,18.4,54.9,66.3,17.1
405.7,46521,15.3,52.1,66.8,16.7
517.1,43374,19.4,57.7,61.8,21.8
438.3,50571,14.3,54.2,69.7,16.9
432.7,92560,6.8,70.8,81.2,6.8
491.6,54782,13.1,59.9,70.8,17.9
425.0,37954,18.6,45.3,56.7,21.5
430.0,45719,17.7,62.2,63.8,16.6
506.9,46927,14.6,55.6,69.0,19.0
449.4,49136,14.5,58.5,65.4,18.7
422.3,35371,29.9,45.3,36.5,34.9
396.2,43484,24.8,55.0,82.4,8.7
449.9,40226,18.8,49.5,56.3,23.8
500.9,41406,18.5,49.1,59.2,21.5
466.5,44852,19.5,56.0,66.7,18.7
401.3,66878,10.7,64.8,63.3,14.6
395.8,51827,15.2,51.6,54.5,26.9
434.2,62230,8.8,64.4,80.4,12.1
521.2,55592,9.7,59.9,73.0,15.1
405.0,50774,10.7,62.6,77.4,14.0
460.6,41514,18.2,55.3,58.6,21.4
435.6,46705,17.3,56.5,61.2,18.6
453.5494221,39764,16.7,56.2,60.1,21.3
453.5494221,50886,10.4,62.6,74.7,12.6
425.4,34429,29.9,47.3,70.0,14.3
497.2,41895,23.3,53.8,56.1,29.6
405.8,33824,20.6,41.5,49.8,22.5
453.5494221,54149,9.9,67.1,80.4,11.6
498.7,48881,10.9,59.6,74.7,15.5
484.0,41235,17.8,53.6,63.7,21.1
446.6,50703,10.4,60.8,82.0,11.1
467.6,36350,23.3,49.7,49.8,23.2
407.6,45430,12.0,57.9,68.9,15.9
415.7,50155,12.0,63.4,76.0,12.1
433.5,41132,15.6,52.9,63.9,18.4
470.4,53945,15.4,60.7,69.8,18.6
420.6,27268,30.6,44.4,37.5,37.9
334.4,36821,19.9,62.6,45.2,21.6
453.5494221,48658,10.4,66.1,69.4,16.0
402.1,31607,26.4,46.0,50.4,24.7
453.5494221,53700,9.8,66.0,80.4,12.8
461.5,40047,19.6,61.2,64.1,17.3
389.1,37831,19.7,50.8,59.2,24.3
484.2,44427,10.9,59.2,65.1,16.5
437.9,36536,22.0,51.9,59.4,20.9
441.3,35180,21.8,50.4,53.7,24.1
408.4,36424,18.8,47.7,52.4,23.5
473.2,40782,18.2,46.6,53.1,28.0
461.9,43065,17.5,53.4,63.6,19.6
430.1,44851,16.9,52.8,63.5,18.1
395.7,48535,11.7,60.9,74.9,9.9
525.6,43073,19.5,53.3,63.8,23.1
453.5494221,46942,17.8,61.4,66.2,17.6
482.9,40436,11.8,62.7,70.2,16.8
474.4,34403,26.3,47.8,54.1,25.0
412.1,47217,11.3,58.0,73.0,13.9
422.1,45743,13.0,49.3,64.6,21.8
464.3,49890,13.0,57.4,70.7,22.6
507.7,58340,11.0,69.5,77.5,13.4
460.6,44669,17.1,59.9,50.5,22.4
374.9,41010,15.3,53.7,65.8,19.1
396.0,35387,17.8,36.7,63.6,18.7
458.6,36890,23.3,52.1,58.7,23.3
487.3,47360,16.3,52.6,69.5,16.9
404.4,43858,12.7,58.1,71.4,17.1
415.1,37026,19.1,49.3,56.9,22.7
497.6,36577,18.9,47.8,59.9,18.9
385.2,77764,8.3,55.9,75.6,11.0
443.8,58333,14.3,59.8,68.1,13.9
399.0,88516,8.8,63.7,74.0,9.8
531.4,36886,19.3,53.5,60.0,22.3
494.6,58818,12.3,60.4,64.3,18.8
439.6,59858,13.4,63.6,65.2,13.8
375.8,35592,27.9,47.6,45.5,27.3
482.9,38268,21.1,51.4,58.9,22.0
501.1,75682,11.5,73.4,64.1,12.4
518.6,37130,24.6,43.0,55.6,26.1
355.3,31893,19.9,47.6,56.6,26.7
501.6,43559,14.6,52.7,69.5,19.2
371.2,37911,19.1,49.8,71.2,13.0
435.4,34987,21.7,45.5,50.8,23.1
490.7,75176,8.1,64.0,77.6,13.3
417.0,66249,9.5,56.9,73.7,13.6
423.6,41094,16.9,53.2,66.1,20.8
534.1,47547,14.6,55.5,68.5,19.7
507.4,50874,15.6,48.1,67.9,13.9
579.2,31265,27.5,41.3,48.3,32.1
461.3,59266,9.4,62.5,75.9,13.8
336.1,46923,14.1,67.0,76.1,14.2
507.5,43272,14.6,55.5,68.9,14.0
490.4,65813,11.1,59.5,74.1,17.5
481.7,55335,9.1,64.3,76.8,14.3
535.2,46870,14.4,54.6,70.2,19.5
332.2,37935,32.3,54.3,36.0,28.6
495.7,69378,10.0,61.4,79.0,11.3
453.5494221,47901,11.1,62.1,77.7,12.2
493.4,32101,21.6,41.3,47.4,31.5
453.5494221,39732,16.9,56.2,69.4,15.8
479.8,44145,17.7,55.0,64.9,20.7
401.7,47123,17.4,46.0,53.5,20.9
411.7,52758,11.0,60.0,77.2,12.3
484.0,39930,17.3,49.7,61.9,22.0
401.8,36893,20.0,51.0,48.7,30.0
528.1,49456,13.7,56.9,74.3,17.3
490.4,56326,14.7,56.6,68.0,19.8
432.2,37256,19.6,50.3,50.8,22.7
458.5,44326,13.8,53.2,72.3,16.9
535.9,32049,26.9,50.4,48.5,24.9
403.5,72604,9.8,68.4,74.2,11.3
420.7,47670,13.8,59.9,57.9,19.2
516.6,56645,13.1,55.8,69.1,18.7
387.1,42851,22.3,57.6,58.2,23.7
413.5,38344,18.1,52.6,62.3,21.8
327.0,38636,14.6,51.3,69.4,9.7
445.6,41161,20.0,50.9,59.4,25.8
446.7,37367,24.4,50.2,52.2,27.6
453.5494221,56591,11.5,71.0,76.6,11.3
420.3,41079,23.4,29.7,56.4,21.0
504.4,34116,23.3,45.7,50.5,20.1
534.0,45557,19.7,50.8,59.0,21.3
490.4,33609,27.0,49.6,50.1,28.7
430.4,44243,17.1,48.3,58.4,25.0
491.5,36699,19.1,54.7,57.1,22.7
511.5,30172,26.2,46.2,55.3,30.3
464.5,28271,29.8,42.2,46.4,28.4
501.4,54959,12.2,62.3,75.2,14.8
507.3,61989,10.9,65.3,75.4,13.9
382.1,46336,15.5,51.6,54.1,24.0
486.9,86610,7.5,57.3,81.6,11.1
476.3,29297,34.0,45.1,42.8,32.4
509.8,37758,19.9,48.5,57.0,28.3
414.8,50106,15.4,57.8,63.2,20.2
572.8,82596,7.1,72.4,74.0,17.1
468.0,38583,22.5,51.8,59.4,22.3
511.2,43573,16.2,53.7,65.0,19.1
478.1,48024,16.3,58.2,69.0,20.1
388.7,74811,9.9,67.8,67.6,10.3
496.9,40774,19.2,49.8,61.9,17.9
453.5494221,52394,8.8,65.0,79.2,9.5
348.4,48653,21.3,58.9,61.1,17.8
452.7,32063,25.8,41.3,50.3,27.2
474.0,50507,14.8,62.9,64.4,17.3
453.5494221,49256,10.5,61.3,68.1,15.5
453.5494221,41527,17.7,60.9,67.8,18.6
403.0,54996,13.5,62.1,81.8,10.6
478.8,50774,17.6,55.3,64.7,19.5
435.8,63054,8.6,62.2,71.3,7.4
453.5494221,51597,13.4,57.9,70.3,18.8
433.2,37242,20.0,43.3,54.6,27.1
487.9,40550,21.7,52.7,60.9,17.6
406.2,50078,12.8,58.7,70.2,15.9
434.6,40386,20.6,58.9,67.6,15.9
485.2,57067,11.2,63.3,75.7,13.5
417.4,48622,12.1,55.5,66.3,14.8
468.9,46277,15.7,49.3,56.2,20.9
424.8,39292,20.3,56.2,61.2,17.8
442.6,51573,17.9,55.2,83.5,8.4
456.9,37243,23.6,45.0,51.2,25.2
530.2,70092,8.5,61.9,77.4,14.3
452.5,43348,18.2,53.8,59.8,21.3
472.8,45235,16.8,51.8,62.1,21.2
388.5,36642,24.9,49.5,49.6,26.4
395.0,51246,10.1,66.6,78.4,13.8
411.6,35235,24.8,50.4,45.8,28.3
405.8,27512,37.3,35.6,35.2,34.2
475.8,34012,26.2,48.2,52.0,24.9
445.2,40884,22.8,53.6,56.6,18.7
483.4,34887,21.9,50.3,63.3,21.7
423.0,75926,7.9,54.7,81.1,10.7
475.2,49895,12.2,57.6,67.4,21.7
474.0,42075,21.8,50.7,51.3,25.3
438.3,38966,20.6,48.0,61.9,22.3
401.1,62800,9.3,57.0,68.1,13.1
435.0,38338,20.3,49.7,61.7,18.3
433.1,47340,15.7,57.8,70.6,14.4
453.5494221,56032,8.3,67.5,84.1,6.3
399.9,46427,16.6,50.0,56.4,19.6
507.2,30675,31.4,40.9,54.7,25.4
451.7,48773,14.9,64.8,75.5,15.8
479.5,62158,11.2,61.9,74.1,14.9
510.0,42105,16.1,54.3,63.4,20.3
453.5494221,43674,17.8,53.2,57.6,25.8
428.4,43842,11.7,65.2,74.9,12.4
475.1,36708,25.7,49.2,32.0,25.4
515.1,42007,17.0,51.2,67.4,17.6
453.5494221,52476,13.3,58.2,72.7,14.5
443.5,38895,22.7,53.6,58.2,17.2
524.4,36644,26.8,41.3,56.1,22.2
438.9,79173,6.2,72.6,85.2,8.7
475.7,57142,10.4,60.6,69.6,15.6
453.5494221,45179,15.7,52.6,61.7,25.9
464.4,40621,18.7,50.2,56.3,23.6
487.2,38366,17.2,50.0,61.2,22.0
441.6,44947,15.8,54.4,60.4,24.3
428.8,34794,22.3,47.5,51.4,27.1
439.1,40122,16.4,48.7,57.2,22.5
461.9,80037,7.9,65.1,79.0,11.7
470.4,47937,16.6,54.2,69.1,15.6
441.6,39025,22.0,45.0,64.6,18.6
475.1,52526,10.0,61.5,64.6,15.8
484.1,41216,17.5,55.2,65.2,21.1
424.7,41641,26.4,58.7,72.6,11.2
427.8,46466,11.8,60.3,73.4,13.6
455.4,79069,6.9,57.8,80.4,9.9
462.8,50597,20.4,61.3,61.3,17.6
450.6,54603,16.7,57.7,59.9,21.1
423.9,57118,11.4,49.9,66.7,17.3
497.2,59472,10.0,57.7,73.6,15.8
